{
    "BkkToGRadionToGGG_M1-140_R0-2p8": {
        "xs": 1.928,
        "error": 0.01109
    },
    "BkkToGRadionToGGG_M1-140_R0-1p4": {
        "xs": 1.926,
        "error": 0.01107
    },
    "BkkToGRadionToGGG_M1-140_R0-0p7": {
        "xs": 1.931,
        "error": 0.0111
    },
    "BkkToGRadionToGGG_M1-140_R0-0p35": {
        "xs": 1.935,
        "error": 0.01113
    },
    "BkkToGRadionToGGG_M1-140_R0-0p175": {
        "xs": 1.937,
        "error": 0.01111
    },
    "BkkToGRadionToGGG_M1-160_R0-3p2": {
        "xs": 1.409,
        "error": 0.008017
    },
    "BkkToGRadionToGGG_M1-160_R0-1p6": {
        "xs": 1.411,
        "error": 0.008001
    },
    "BkkToGRadionToGGG_M1-160_R0-0p8": {
        "xs": 1.404,
        "error": 0.00799
    },
    "BkkToGRadionToGGG_M1-160_R0-0p4": {
        "xs": 1.402,
        "error": 0.007975
    },
    "BkkToGRadionToGGG_M1-160_R0-0p2": {
        "xs": 1.403,
        "error": 0.007955
    },
    "BkkToGRadionToGGG_M1-180_R0-3p6": {
        "xs": 1.034,
        "error": 0.006253
    },
    "BkkToGRadionToGGG_M1-180_R0-1p8": {
        "xs": 1.042,
        "error": 0.005784
    },
    "BkkToGRadionToGGG_M1-180_R0-0p9": {
        "xs": 1.04,
        "error": 0.005767
    },
    "BkkToGRadionToGGG_M1-180_R0-0p45": {
        "xs": 1.037,
        "error": 0.005799
    },
    "BkkToGRadionToGGG_M1-180_R0-0p225": {
        "xs": 1.038,
        "error": 0.005759
    },
    "BkkToGRadionToGGG_M1-250_R0-5": {
        "xs": 0.4107,
        "error": 0.002168
    },
    "BkkToGRadionToGGG_M1-250_R0-2p5": {
        "xs": 0.4105,
        "error": 0.002165
    },
    "BkkToGRadionToGGG_M1-250_R0-1p25": {
        "xs": 0.4124,
        "error": 0.002156
    },
    "BkkToGRadionToGGG_M1-250_R0-0p625": {
        "xs": 0.4121,
        "error": 0.00216
    },
    "BkkToGRadionToGGG_M1-250_R0-0p3125": {
        "xs": 0.413,
        "error": 0.00216
    },
    "BkkToGRadionToGGG_M1-500_R0-10": {
        "xs": 0.04301,
        "error": 0.0002038
    },
    "BkkToGRadionToGGG_M1-500_R0-5": {
        "xs": 0.043,
        "error": 0.0002027
    },
    "BkkToGRadionToGGG_M1-500_R0-2p5": {
        "xs": 0.04285,
        "error": 0.0002017
    },
    "BkkToGRadionToGGG_M1-500_R0-1p25": {
        "xs": 0.04297,
        "error": 0.000204
    },
    "BkkToGRadionToGGG_M1-500_R0-0p625": {
        "xs": 0.04291,
        "error": 0.0002032
    },
    "BkkToGRadionToGGG_M1-1000_R0-20": {
        "xs": 0.003355,
        "error": 1.452e-05
    },
    "BkkToGRadionToGGG_M1-1000_R0-10": {
        "xs": 0.003346,
        "error": 1.452e-05
    },
    "BkkToGRadionToGGG_M1-1000_R0-5": {
        "xs": 0.00335,
        "error": 1.454e-05
    },
    "BkkToGRadionToGGG_M1-1000_R0-2p5": {
        "xs": 0.003348,
        "error": 1.45e-05
    },
    "BkkToGRadionToGGG_M1-1000_R0-1p25": {
        "xs": 0.003352,
        "error": 1.446e-05
    },
    "BkkToGRadionToGGG_M1-3000_R0-60": {
        "xs": 1.148e-05,
        "error": 6.933e-08
    },
    "BkkToGRadionToGGG_M1-3000_R0-30": {
        "xs": 1.148e-05,
        "error": 5.846e-08
    },
    "BkkToGRadionToGGG_M1-3000_R0-15": {
        "xs": 1.15e-05,
        "error": 7.324e-08
    },
    "BkkToGRadionToGGG_M1-3000_R0-7p5": {
        "xs": 1.152e-05,
        "error": 5.307e-08
    },
    "BkkToGRadionToGGG_M1-3000_R0-3p75": {
        "xs": 1.15e-05,
        "error": 6.408e-08
    }
}